{"cameraMode":{"drawMode":0,"name":"Shaded","section":"Shading Mode"},"sceneLighting":true,"audioPlay":false,"sceneViewState":{"m_AlwaysRefresh":false,"showFog":true,"showSkybox":false,"showFlares":true,"showImageEffects":true,"showParticleSystems":true,"showVisualEffectGraphs":true,"m_FxEnabled":true},"in2DMode":false,"pivot":{"x":22.99205207824707,"y":3.4184560775756838,"z":-23.525314331054689},"rotation":{"x":0.29474878311157229,"y":0.7047200798988342,"z":-0.4377989172935486,"w":0.47437894344329836},"size":0.18446408212184907,"orthographic":false}