{"cameraMode":{"drawMode":0,"name":"Shaded","section":"Shading Mode"},"sceneLighting":false,"audioPlay":false,"sceneViewState":{"m_AlwaysRefresh":false,"showFog":true,"showSkybox":false,"showFlares":true,"showImageEffects":true,"showParticleSystems":true,"showVisualEffectGraphs":true,"m_FxEnabled":true},"in2DMode":false,"pivot":{"x":-51.58000183105469,"y":6.300000190734863,"z":8.710000038146973},"rotation":{"x":0.013417167589068413,"y":-0.9711183905601502,"z":0.23148220777511598,"w":0.05628850311040878},"size":0.8660253882408142,"orthographic":false}