{"cameraMode":{"drawMode":0,"name":"Shaded","section":"Shading Mode"},"sceneLighting":true,"audioPlay":false,"sceneViewState":{"m_AlwaysRefresh":false,"showFog":true,"showSkybox":false,"showFlares":true,"showImageEffects":true,"showParticleSystems":true,"showVisualEffectGraphs":true,"m_FxEnabled":true},"in2DMode":false,"pivot":{"x":-0.000004566127245198004,"y":0.0000091063957370352,"z":-0.0000057530287449480969},"rotation":{"x":0.07602112740278244,"y":-0.9225873351097107,"z":0.23964470624923707,"w":0.2930041551589966},"size":0.000017320508050033823,"orthographic":false}