{"cameraMode":{"drawMode":0,"name":"Shaded","section":"Shading Mode"},"sceneLighting":true,"audioPlay":false,"sceneViewState":{"m_AlwaysRefresh":false,"showFog":true,"showSkybox":false,"showFlares":true,"showImageEffects":true,"showParticleSystems":true,"showVisualEffectGraphs":true,"m_FxEnabled":true},"in2DMode":false,"pivot":{"x":15.235662460327149,"y":2.2133066654205324,"z":17.39177703857422},"rotation":{"x":0.27180954813957217,"y":-0.2720983326435089,"z":0.0805690735578537,"w":0.9196690320968628},"size":0.6858890652656555,"orthographic":false}